City_ID,City,Lat,Lng,Max Temp,Humidity,Cloudiness,Wind Speed,Country,Date
0,port elizabeth,-33.918,25.5701,290.98,91,20,4.63,ZA,1670265616
1,asau,46.4333,26.4,271.66,99,100,1.47,RO,1670265617
2,vaini,-21.2,-175.2,297.24,94,75,2.06,TO,1670265617
3,ponta delgada,37.7333,-25.6667,290.1,82,75,7.72,PT,1670265617
4,barrow,71.2906,-156.7887,276.16,70,0,14.4,US,1670265618
5,port lincoln,-34.7333,135.8667,288.16,71,100,6.24,AU,1670265618
6,arraial do cabo,-22.9661,-42.0278,302.13,65,20,8.23,BR,1670265618
7,port alfred,-33.5906,26.891,288.81,90,0,0.89,ZA,1670265610
8,hobart,-42.8794,147.3294,284.07,71,75,7.2,AU,1670265316
9,ponta do sol,32.6667,-17.1,292.5,75,98,2.27,PT,1670265619
10,maragogi,-9.0122,-35.2225,299.2,81,86,5.21,BR,1670265619
11,batagay,67.6333,134.6333,245.41,98,100,1.34,RU,1670265619
12,mataura,-46.1927,168.8643,283.42,100,100,1.45,NZ,1670265620
13,kodiak,57.79,-152.4072,275.88,93,100,0.0,US,1670265491
14,namibe,-15.1961,12.1522,294.77,76,4,2.77,AO,1670265620
15,punta arenas,-53.15,-70.9167,283.16,57,75,9.26,CL,1670265459
16,puerto ayora,-0.7393,-90.3518,300.13,86,70,2.24,EC,1670265620
17,mar del plata,-38.0023,-57.5575,307.5,82,0,7.15,AR,1670265467
18,tokonou,9.65,-9.7833,298.86,56,100,0.9,GN,1670265621
19,hithadhoo,-0.6,73.0833,300.65,75,100,3.41,MV,1670265621
20,jamestown,42.097,-79.2353,280.68,31,0,5.14,US,1670265344
21,marawi,7.9986,124.2928,293.11,93,100,0.41,PH,1670265621
22,abnub,27.2696,31.1511,292.27,51,0,4.36,EG,1670265622
23,rikitea,-23.1203,-134.9692,297.24,81,100,6.02,PF,1670265622
24,sao filipe,14.8961,-24.4956,295.76,68,34,3.18,CV,1670265622
25,broome,42.2506,-75.833,280.63,38,0,4.12,US,1670265623
26,manjo,4.8428,9.8217,296.86,81,89,0.04,CM,1670265623
27,new norfolk,-42.7826,147.0587,283.87,64,100,0.89,AU,1670265624
28,college,64.8569,-147.8028,262.36,86,75,0.0,US,1670265624
29,podor,16.6527,-14.9587,302.2,26,24,2.74,MR,1670265625
30,saint-philippe,-21.3585,55.7679,297.92,81,100,5.56,RE,1670265625
31,waw,7.7029,27.9953,301.31,30,7,2.05,SS,1670265626
32,dikson,73.5069,80.5464,269.3,95,100,6.74,RU,1670265626
33,mahebourg,-20.4081,57.7,298.31,73,40,4.63,MU,1670265627
34,isangel,-19.55,169.2667,297.21,88,23,1.54,VU,1670265627
35,ushuaia,-54.8,-68.3,283.94,49,75,11.83,AR,1670265628
36,coihaique,-45.5752,-72.0662,287.49,82,100,2.06,CL,1670265628
37,muros,42.7762,-9.0603,285.98,83,100,2.37,ES,1670265529
38,luba,3.4568,8.5547,301.09,82,82,3.55,GQ,1670265629
39,qaanaaq,77.484,-69.3632,271.3,88,100,6.88,GL,1670265629
40,castro,-24.7911,-50.0119,297.3,74,59,3.09,BR,1670265629
41,hilo,19.7297,-155.09,298.86,77,40,3.09,US,1670265458
42,goya,-29.14,-59.2626,312.34,17,0,4.47,AR,1670265629
43,cidreira,-30.1811,-50.2056,296.54,82,97,5.05,BR,1670265630
44,noumea,-22.2763,166.4572,299.82,99,100,2.49,NC,1670265630
45,rutland,43.6167,-73.0162,280.4,28,0,4.12,US,1670265630
46,tessalit,20.1986,1.0114,300.89,13,100,4.1,ML,1670265631
47,toora-khem,52.4675,96.11,242.96,99,10,0.25,RU,1670265631
48,touros,-5.1989,-35.4608,301.45,62,16,6.54,BR,1670265623
49,nikolskoye,59.7035,30.7861,269.09,95,100,2.75,RU,1670265631
50,ugoofaaru,5.6667,73.0,298.29,88,100,4.99,MV,1670265632
51,hualmay,-11.0964,-77.6139,295.09,71,12,3.88,PE,1670265632
52,tasiilaq,65.6145,-37.6368,271.24,64,68,2.78,GL,1670265632
53,teguise,29.0605,-13.564,293.27,64,20,3.6,ES,1670265633
54,cherskiy,68.75,161.3,245.73,90,100,2.21,RU,1670265633
55,tombouctou,20.0,-3.0,300.61,14,94,2.06,ML,1670265633
56,albany,42.6001,-73.9662,280.34,49,100,1.34,US,1670265341
57,whitehorse,60.7161,-135.0538,258.58,85,100,1.03,CA,1670265460
58,holme,56.1138,10.1725,275.91,94,100,4.43,DK,1670265634
59,oksbol,55.6268,8.2876,276.21,91,100,6.19,DK,1670265634
60,rusape,-18.5278,32.1284,293.67,40,1,2.55,ZW,1670265634
61,rokytne,51.2796,27.214,267.4,85,37,5.27,UA,1670265635
62,kaduqli,11.0167,29.7167,299.03,27,86,3.61,SD,1670265635
63,bluff,-46.6,168.3333,283.6,83,100,3.33,NZ,1670265635
64,shimoda,34.6667,138.95,280.99,91,100,5.24,JP,1670265636
65,hambantota,6.1241,81.1185,296.34,100,40,0.51,LK,1670265636
66,casper,42.8666,-106.3131,277.99,45,0,8.23,US,1670265547
67,meulaboh,4.1363,96.1285,296.53,93,100,1.99,ID,1670265636
68,bintulu,3.1667,113.0333,299.38,94,40,2.24,MY,1670265637
69,guerrero negro,27.9769,-114.0611,293.07,63,10,6.14,MX,1670265637
70,baykit,61.67,96.37,257.3,95,84,3.26,RU,1670265637
71,iberia,29.9502,-91.7507,299.24,86,100,4.56,US,1670265638
72,butaritari,3.0707,172.7902,300.23,81,100,7.19,KI,1670265638
73,labuhan,-6.8844,112.2051,299.61,80,100,1.12,ID,1670265638
74,nagato,34.3833,131.2,281.18,66,87,6.91,JP,1670265639
75,knysna,-34.0363,23.0471,288.24,81,10,1.47,ZA,1670265639
76,shitanjing,39.2342,106.3439,266.48,48,51,0.46,CN,1670265639
77,huarmey,-10.0681,-78.1522,295.06,73,25,4.03,PE,1670265640
78,kathmandu,27.7167,85.3167,282.27,93,20,1.54,NP,1670265640
79,kiama,-34.6833,150.8667,290.37,93,69,0.45,AU,1670265640
80,inhambane,-23.865,35.3833,300.14,83,20,5.14,MZ,1670265640
81,kurilsk,45.2333,147.8833,272.52,63,99,7.15,RU,1670265641
82,shu,43.5983,73.7614,268.7,93,99,1.03,KZ,1670265641
83,airai,-8.9266,125.4092,288.22,72,100,0.65,TL,1670265641
84,paamiut,61.994,-49.6678,276.06,75,100,15.43,GL,1670265642
85,kozlovo,56.5167,36.2667,264.41,83,100,3.3,RU,1670265642
86,oum hadjer,13.2954,19.6966,300.23,14,57,5.13,TD,1670265642
87,gat,31.61,34.7642,290.59,100,4,1.72,IL,1670265643
88,ossora,59.2353,163.0719,261.39,72,100,5.78,RU,1670265643
89,halifax,44.6453,-63.5724,278.15,61,20,4.12,CA,1670265478
90,geraldton,-28.7667,114.6,293.38,77,100,6.17,AU,1670265643
91,nuuk,64.1835,-51.7216,277.49,75,75,15.43,GL,1670265451
92,grindavik,63.8424,-22.4338,271.41,100,20,2.06,IS,1670265644
93,bambous virieux,-20.3428,57.7575,298.29,73,40,4.63,MU,1670265644
94,busselton,-33.65,115.3333,286.4,84,1,6.01,AU,1670265644
95,krasnoselkup,65.7,82.4667,269.52,93,100,7.26,RU,1670265644
96,huilong,31.8111,121.655,279.63,70,5,3.69,CN,1670265645
97,port hardy,50.6996,-127.4199,273.25,100,75,1.54,CA,1670265645
98,henties bay,-22.116,14.2845,288.24,84,0,4.31,NA,1670265645
99,provideniya,64.3833,-173.3,270.61,93,100,9.41,RU,1670265646
100,avera,33.194,-82.5271,284.47,92,100,2.51,US,1670265646
101,chara,56.9064,118.2631,253.64,76,100,2.45,RU,1670265646
102,pisco,-13.7,-76.2167,295.18,73,75,4.63,PE,1670265647
103,kavaratti,10.5669,72.642,301.03,73,10,2.0,IN,1670265401
104,faanui,-16.4833,-151.75,299.47,78,100,8.11,PF,1670265647
105,skierniewice,51.9548,20.1584,275.4,88,100,2.89,PL,1670265647
106,devgarh,25.5333,73.9,287.61,42,0,2.31,IN,1670265648
107,carnarvon,-24.8667,113.6333,293.78,77,50,7.59,AU,1670265648
108,altayskoye,51.9533,85.3325,257.21,98,100,0.5,RU,1670265648
109,chanute,37.6792,-95.4572,281.21,93,100,2.57,US,1670265648
110,nanortalik,60.1432,-45.2371,274.29,77,95,7.89,GL,1670265649
111,damaturu,11.747,11.9608,296.77,16,24,4.52,NG,1670265649
112,damara,4.9608,18.7035,299.94,45,84,1.9,CF,1670265649
113,bredasdorp,-34.5322,20.0403,288.71,65,100,1.14,ZA,1670265635
114,atuona,-9.8,-139.0333,298.15,78,100,7.43,PF,1670265402
115,seoul,37.5683,126.9778,272.84,63,0,2.57,KR,1670265133
116,khatanga,71.9667,102.5,240.36,100,14,1.52,RU,1670265650
117,bethel,41.3712,-73.414,281.78,44,0,4.63,US,1670265650
118,hovd,48.0056,91.6419,256.47,81,11,1.1,MN,1670265650
119,thompson,55.7435,-97.8558,244.24,63,20,3.6,CA,1670265357
120,monterey,36.2505,-121.2516,285.47,1,10,1.44,US,1670265378
121,port-gentil,-0.7193,8.7815,301.13,83,40,4.63,GA,1670265651
122,san miguel,13.4833,-88.1833,304.93,48,0,1.54,SV,1670265485
123,cape town,-33.9258,18.4232,291.55,62,0,6.17,ZA,1670265499
124,kapaa,22.0752,-159.319,296.59,90,100,2.06,US,1670265651
125,port blair,11.6667,92.75,300.17,83,100,3.6,IN,1670265652
126,mount isa,-20.7333,139.5,292.02,59,0,0.0,AU,1670265652
127,sinnamary,5.3833,-52.95,301.35,69,46,4.67,GF,1670265652
128,saskylakh,71.9167,114.0833,246.18,95,100,7.17,RU,1670265653
129,tigil,57.8,158.6667,261.63,90,100,6.99,RU,1670265653
130,kieta,-6.2167,155.6333,298.96,82,100,1.17,PG,1670265653
131,zemio,5.0314,25.1361,298.46,57,89,1.63,CF,1670265653
132,coquimbo,-29.9533,-71.3436,290.0,82,100,5.14,CL,1670265654
133,nome,64.5011,-165.4064,272.19,80,100,4.63,US,1670265515
134,codrington,-38.2667,141.9667,283.96,73,17,5.16,AU,1670265654
135,ostroh,50.3294,26.5143,270.73,82,100,6.26,UA,1670265654
136,freeport,40.6576,-73.5832,282.65,51,0,4.12,US,1670265655
137,berdigestyakh,62.0989,126.6992,249.15,96,100,3.02,RU,1670265655
138,harper,4.375,-7.7169,299.16,83,100,1.72,LR,1670265655
139,that phanom,16.9364,104.7104,290.75,78,10,3.42,TH,1670265655
140,simao,22.7886,100.9748,284.75,95,44,1.14,CN,1670265656
141,ballina,-28.8667,153.5667,290.94,99,1,2.21,AU,1670265656
142,itoman,26.1247,127.6694,292.16,92,75,10.8,JP,1670265656
143,bereda,43.2686,-7.5406,281.56,100,100,0.54,ES,1670265656
144,nowa deba,50.4297,21.7508,276.45,80,89,3.44,PL,1670265657
145,hofn,64.2539,-15.2082,272.16,86,40,2.06,IS,1670265657
146,victoria,22.2855,114.1577,287.7,65,35,5.81,HK,1670265417
147,safford,32.834,-109.7076,286.66,94,100,0.0,US,1670265606
148,mae sot,16.7167,98.5667,296.16,93,100,0.97,TH,1670265657
149,medzilaborce,49.2719,21.9007,279.34,91,100,3.21,SK,1670265658
150,cabo san lucas,22.8909,-109.9124,304.05,60,40,2.06,MX,1670265413
151,avarua,-21.2078,-159.775,296.18,94,100,3.6,CK,1670265658
152,north miami,25.8901,-80.1867,301.49,61,0,4.47,US,1670265658
153,torbay,47.6666,-52.7314,278.31,95,100,4.12,CA,1670265659
154,sistranda,63.7256,8.834,278.13,67,100,10.56,NO,1670265659
155,marsa matruh,31.3525,27.2453,289.26,77,0,1.54,EG,1670265659
156,tuatapere,-46.1333,167.6833,281.62,95,100,2.53,NZ,1670265659
157,longyearbyen,78.2186,15.6401,261.06,67,75,11.32,SJ,1670265660
158,pevek,69.7008,170.3133,242.82,88,27,2.38,RU,1670265660
159,sandnessjoen,66.0217,12.6316,278.38,85,75,6.17,NO,1670265660
160,tura,25.5198,90.2201,289.35,85,0,1.42,IN,1670265661
161,port macquarie,-31.4333,152.9167,289.76,72,15,2.25,AU,1670265661
162,kodumudi,11.0775,77.8836,295.76,90,100,2.14,IN,1670265661
163,langham,52.3668,-106.9679,247.06,93,74,1.23,CA,1670265662
164,adrar,20.5022,-10.0711,298.23,23,7,0.84,MR,1670265662
165,tuktoyaktuk,69.4541,-133.0374,246.15,69,40,11.32,CA,1670265663
166,tilichiki,60.4667,166.1,261.54,78,100,4.88,RU,1670265664
167,bengkulu,-3.8004,102.2655,296.67,91,100,1.38,ID,1670265664
168,esperance,-33.8667,121.9,288.84,83,100,2.04,AU,1670265664
169,lavrentiya,65.5833,-171.0,268.38,90,100,2.89,RU,1670265664
170,kadoma,34.7333,135.5833,284.14,93,95,3.09,JP,1670265665
171,elbistan,38.2059,37.1983,278.21,68,4,0.18,TR,1670265665
172,aktau,43.65,51.2,261.47,43,0,1.4,KZ,1670265617
173,rawson,-43.3002,-65.1023,304.2,19,100,8.1,AR,1670265520
174,santa cruz,-17.8,-63.1667,310.18,34,40,4.12,BO,1670265666
175,korla,41.7597,86.1469,267.55,41,35,0.93,CN,1670265562
176,kokopo,-4.352,152.2633,297.81,86,100,2.26,PG,1670265666
177,lebu,-37.6167,-73.65,290.59,67,3,2.88,CL,1670265666
178,atasu,48.6814,71.6433,248.07,95,5,2.17,KZ,1670265667
179,biak,-0.9131,122.8766,297.26,82,100,1.4,ID,1670265667
180,chuy,-33.6971,-53.4616,298.22,52,0,4.86,UY,1670265667
181,saldanha,-33.0117,17.9442,291.18,75,100,6.61,ZA,1670265667
182,iqaluit,63.7506,-68.5145,261.0,78,75,2.06,CA,1670265668
183,kahului,20.8947,-156.47,298.06,76,20,4.47,US,1670265155
184,yeppoon,-23.1333,150.7333,293.03,86,0,1.76,AU,1670265668
185,hutchinson,38.0608,-97.9298,285.23,65,0,2.06,US,1670265437
186,vila franca do campo,37.7167,-25.4333,289.93,78,76,5.51,PT,1670265668
187,shelburne,44.0787,-80.2041,277.4,48,100,7.1,CA,1670265669
188,havre-saint-pierre,50.2334,-63.5986,272.35,59,100,4.63,CA,1670265669
189,cockburn town,21.4612,-71.1419,298.97,67,31,9.06,TC,1670265496
190,sitka,57.0531,-135.33,274.09,80,75,2.06,US,1670265669
191,san policarpo,12.1791,125.5072,299.72,76,100,4.55,PH,1670265670
192,mnogovershinnyy,53.9353,139.9242,249.79,91,32,2.73,RU,1670265670
193,zaragoza,41.6561,-0.8773,280.94,73,75,0.51,ES,1670265385
194,harunabad,29.6133,73.1389,289.0,26,4,1.03,PK,1670265670
195,olafsvik,64.8945,-23.7142,277.47,78,23,2.36,IS,1670265671
196,zilupe,56.3862,28.1217,265.27,91,100,3.79,LV,1670265671
197,panzhihua,26.5851,101.7128,281.67,72,0,0.79,CN,1670265671
198,padang,-0.9492,100.3543,297.81,89,100,1.72,ID,1670265672
199,vanimo,-2.6741,141.3028,298.81,89,100,2.53,PG,1670265405
200,kurumkan,54.3,110.3,257.73,90,100,2.68,RU,1670265672
201,candido de abreu,-24.5669,-51.3333,298.16,91,49,1.42,BR,1670265672
202,maldonado,-34.6667,-54.9167,303.81,32,0,5.86,UY,1670265673
203,clyde river,70.4692,-68.5914,262.28,92,100,1.54,CA,1670265673
204,erdenet,49.0333,104.0833,249.95,86,3,2.16,MN,1670265673
205,flinders,-34.5833,150.8552,288.92,90,48,3.18,AU,1670265674
206,saint-joseph,-21.3667,55.6167,297.36,79,100,5.67,RE,1670265674
207,salalah,17.0151,54.0924,299.2,44,20,2.57,OM,1670265652
208,ribeira grande,38.5167,-28.7,290.37,67,20,8.49,PT,1670265674
209,oussouye,12.485,-16.5469,304.25,50,100,2.87,SN,1670265675
210,sorland,67.667,12.6934,277.07,92,100,18.91,NO,1670265675
211,aklavik,68.2191,-135.0107,247.74,87,100,10.12,CA,1670265675
212,nongpoh,25.9,91.8833,287.91,83,0,1.37,IN,1670265676
213,bacolod,10.6667,122.95,297.84,86,32,3.44,PH,1670265676
214,portland,45.5234,-122.6762,278.6,84,20,3.13,US,1670265646
215,jalu,29.0331,21.5482,292.27,34,0,3.39,LY,1670265677
216,san andres,12.5847,-81.7006,303.16,66,40,5.66,CO,1670265677
217,dumai,1.6833,101.45,296.51,99,100,0.9,ID,1670265677
218,davila,18.4726,120.5763,299.14,84,84,10.2,PH,1670265677
219,souillac,-20.5167,57.5167,298.36,73,40,4.63,MU,1670265678
220,maragogipe,-12.7778,-38.9194,299.62,65,100,4.1,BR,1670265678
221,caravelas,-17.7125,-39.2481,298.99,70,100,3.92,BR,1670265678
222,axim,4.8699,-2.2405,299.73,83,32,3.34,GH,1670265679
223,ndola,-12.9587,28.6366,292.87,73,100,3.15,ZM,1670265679
224,kyren,51.6828,102.1408,255.65,79,80,0.76,RU,1670265679
225,riyadh,24.6877,46.7219,297.23,36,89,5.24,SA,1670265595
226,neuquen,-38.9516,-68.0591,306.09,22,0,4.63,AR,1670265680
227,mitsamiouli,-11.3847,43.2844,299.81,78,14,4.57,KM,1670265680
228,dzerzhinskoye,56.8344,95.2283,259.02,79,100,5.45,RU,1670265680
229,bowen,-20.0167,148.2333,297.74,68,0,1.7,AU,1670265681
230,yuci,37.6803,112.7319,265.01,67,0,1.0,CN,1670265681
231,kruisfontein,-34.0033,24.7314,289.75,85,1,3.81,ZA,1670265681
232,katsuura,35.1333,140.3,282.64,94,100,8.63,JP,1670265682
233,kunigal,13.0222,77.0267,292.85,81,27,2.45,IN,1670265682
234,pokhara,28.2333,83.9833,287.09,33,0,2.45,NP,1670265529
235,asyut,27.181,31.1837,292.25,51,0,4.83,EG,1670265682
236,klyuchi,52.2667,79.1667,252.79,99,90,1.95,RU,1670265683
237,marzuq,14.4,46.4667,290.16,53,1,0.83,YE,1670265683
238,punto fijo,11.6956,-70.1996,301.54,58,41,3.19,VE,1670265683
239,norman wells,65.282,-126.8329,243.17,76,75,4.12,CA,1670265684
240,inverell,-29.7833,151.1167,288.36,53,67,1.76,AU,1670265684
241,hobyo,5.3505,48.5268,300.04,78,100,7.32,SO,1670265684
242,roros,62.5747,11.3842,261.06,92,75,2.06,NO,1670265685
243,fairbanks,64.8378,-147.7164,262.37,86,75,0.0,US,1670265681
244,santa fe,-31.6333,-60.7,310.94,25,0,3.58,AR,1670265685
245,lorengau,-2.0226,147.2712,299.06,80,100,1.87,PG,1670265686
246,mata,40.683,-7.4592,283.11,97,100,2.85,PT,1670265686
247,ewa beach,21.3156,-158.0072,299.27,79,20,0.0,US,1670265686
248,wanning,18.8003,110.3967,291.77,89,86,5.22,CN,1670265686
249,praia,14.9215,-23.5087,297.45,60,40,5.66,CV,1670265687
250,pilot butte,50.4668,-104.4178,254.63,68,75,1.54,CA,1670265687
251,hermanus,-34.4187,19.2345,290.26,63,100,1.61,ZA,1670265687
252,kolyshley,52.7005,44.5367,262.2,75,12,1.87,RU,1670265688
253,getulio vargas,-32.6796,-53.5494,302.45,34,0,5.7,UY,1670265688
254,lodja,-3.4833,23.4333,292.91,95,76,0.91,CD,1670265688
255,mopti,14.6667,-4.0,303.17,37,0,4.12,ML,1670265689
256,upernavik,72.7868,-56.1549,270.77,87,37,5.02,GL,1670265689
257,bambanglipuro,-7.95,110.2833,297.77,90,100,1.38,ID,1670265689
258,aden,12.7794,45.0367,298.89,69,5,4.59,YE,1670265689
259,yellowknife,62.456,-114.3525,241.79,68,20,3.6,CA,1670265690
260,nishihara,26.1842,127.7558,291.75,94,75,10.8,JP,1670265690
261,aizkraukle,56.6048,25.2553,267.13,92,100,3.24,LV,1670265690
262,saint george,37.1041,-113.5841,285.06,64,40,0.0,US,1670265691
263,santa isabel do rio negro,-0.4139,-65.0192,304.18,58,96,0.57,BR,1670265691
264,maniitsoq,65.4167,-52.9,275.55,89,100,15.68,GL,1670265691
265,ilulissat,69.2167,-51.1,276.16,48,40,6.17,GL,1670265692
266,zambezi,-13.5432,23.1047,292.01,86,72,3.26,ZM,1670265692
267,marsabit,2.3284,37.9899,293.74,61,79,5.24,KE,1670265692
268,narva-joesuu,59.4589,28.0408,266.85,95,99,3.99,EE,1670265692
269,tiznit,29.5833,-9.5,288.78,79,37,1.11,MA,1670265506
270,pathein,16.7833,94.7333,296.82,80,88,2.15,MM,1670265693
271,oranjemund,-28.55,16.4333,289.15,80,32,7.16,NA,1670265693
272,vryheid,-27.7695,30.7917,289.66,80,74,1.96,ZA,1670265693
273,lagoa,39.05,-27.9833,289.58,68,100,5.03,PT,1670265694
274,awash,8.9833,40.1667,295.63,33,6,1.31,ET,1670265694
275,kununurra,-15.7667,128.7333,300.14,89,75,0.0,AU,1670265694
276,severo-kurilsk,50.6789,156.125,268.41,61,100,11.18,RU,1670265695
277,okahandja,-21.9833,16.9167,296.86,11,11,8.42,NA,1670265695
278,galesong,-5.3166,119.3661,297.16,79,99,1.33,ID,1670265695
279,atagay,55.1033,99.3875,262.81,58,100,6.08,RU,1670265696
280,macau,22.2006,113.5461,288.0,77,40,10.29,MO,1670265696
281,fare,-16.7,-151.0167,299.53,77,7,8.51,PF,1670265696
282,boulder,40.0833,-105.3505,284.93,43,0,8.05,US,1670265697
283,ancud,-41.8697,-73.8203,286.38,94,100,8.88,CL,1670265697
284,comodoro rivadavia,-45.8667,-67.5,298.07,25,0,10.8,AR,1670265408
285,rapid valley,44.0625,-103.1463,268.17,79,100,3.09,US,1670265697
286,yulara,-25.2406,130.9889,300.17,16,11,3.1,AU,1670265697
287,berlevag,70.8578,29.0864,271.15,86,100,8.23,NO,1670265698
288,anloga,5.7947,0.8973,300.89,80,55,4.78,GH,1670265698
289,east london,-33.0153,27.9116,289.67,82,0,3.09,ZA,1670265698
290,bilma,18.6853,12.9164,297.89,17,1,2.39,NE,1670265699
291,acapulco,16.8634,-99.8901,303.05,70,0,3.6,MX,1670265575
292,muisne,0.6,-80.0333,298.74,72,24,4.46,EC,1670265699
293,viransehir,37.2353,39.7631,284.03,68,97,1.16,TR,1670265699
294,camacha,33.0833,-16.3333,289.83,68,20,3.6,PT,1670265700
295,ust-abakan,53.8525,91.3742,245.1,83,40,0.0,RU,1670265700
296,la ronge,55.1001,-105.2842,247.29,64,75,2.06,CA,1670265700
297,jiaojiang,28.6803,121.4428,280.37,91,30,3.28,CN,1670265700
298,the valley,18.217,-63.0578,302.07,73,40,4.63,AI,1670265441
299,milton,34.1322,-84.3007,283.06,94,100,0.45,US,1670265612
300,pasighat,28.0667,95.3333,289.37,48,57,1.56,IN,1670265701
301,ternate,0.8,127.4,299.68,81,100,2.19,ID,1670265701
302,kavieng,-2.5744,150.7967,299.76,81,100,2.04,PG,1670265701
303,talnakh,69.4865,88.3972,269.38,96,100,6.12,RU,1670265702
304,bathsheba,13.2167,-59.5167,302.49,79,75,2.06,BB,1670265702
305,baruun-urt,46.6806,113.2792,255.79,75,1,6.0,MN,1670265702
306,champerico,14.3,-91.9167,305.45,72,1,2.88,GT,1670265703
307,hasaki,35.7333,140.8333,278.37,86,100,11.07,JP,1670265619
308,carutapera,-1.195,-46.02,302.01,65,100,4.44,BR,1670265703
309,constitucion,-35.3333,-72.4167,293.04,57,7,7.62,CL,1670265703
310,tiksi,71.6872,128.8694,248.17,95,100,5.03,RU,1670265704
311,daru,-9.0763,143.2092,299.68,79,100,4.99,PG,1670265704
312,chapais,49.7834,-74.8492,271.03,94,100,4.53,CA,1670265704
313,havelock,34.8791,-76.9013,290.12,72,75,8.23,US,1670265704
314,manavgat,36.7867,31.4431,288.51,58,11,2.32,TR,1670265705
315,ahipara,-35.1667,173.1667,289.44,84,100,2.08,NZ,1670265658
316,mugur-aksy,50.35,90.5,252.37,78,50,2.5,RU,1670265705
317,chokurdakh,70.6333,147.9167,236.33,99,51,3.86,RU,1670265705
318,dalbandin,28.8947,64.4101,286.41,30,0,3.04,PK,1670265706
319,karratha,-20.7377,116.8463,300.88,44,1,6.6,AU,1670265492
320,moerai,-22.4333,-151.3333,298.22,79,100,4.94,PF,1670265706
321,iturama,-19.7281,-50.1956,301.44,57,62,2.42,BR,1670265706
322,leningradskiy,69.3833,178.4167,248.34,89,3,2.67,RU,1670265706
323,belaya gora,68.5333,146.4167,235.81,99,89,1.86,RU,1670265707
324,georgetown,5.4112,100.3354,301.06,88,40,0.51,MY,1670265470
325,khandbari,27.3747,87.2039,285.79,66,0,1.38,NP,1670265512
326,deder,9.3167,41.45,285.56,38,12,1.76,ET,1670265707
327,marondera,-18.1853,31.5519,293.42,39,2,2.43,ZW,1670265707
328,gorin,51.1983,136.6669,252.66,95,100,1.62,RU,1670265708
329,dunedin,-45.8742,170.5036,283.6,90,100,5.81,NZ,1670265708
330,gorontalo,0.5412,123.0595,296.79,93,100,1.12,ID,1670265708
331,seydisehir,37.4193,31.8453,278.33,71,98,1.8,TR,1670265709
332,tevriz,57.509,72.4042,250.1,100,91,0.68,RU,1670265709
333,palu,-0.8917,119.8707,297.47,96,100,1.11,ID,1670265709
334,bryanka,48.511,38.6722,265.9,47,0,5.39,UA,1670265710
335,burns lake,54.2331,-125.7533,253.83,84,21,0.71,CA,1670265615
336,chartres,48.4167,1.5,275.46,94,20,1.34,FR,1670265710
337,vila velha,-20.3297,-40.2925,300.12,77,40,7.2,BR,1670265710
338,rio gallegos,-51.6226,-69.2181,286.18,44,40,5.14,AR,1670265711
339,rodrigues alves,-7.738,-72.6509,307.26,47,100,1.78,BR,1670265711
340,moron,-34.6534,-58.6198,309.79,44,0,4.36,AR,1670265661
341,raahe,64.6833,24.4833,273.2,82,100,11.78,FI,1670265711
342,bemidji,47.4736,-94.8803,266.43,75,0,4.63,US,1670265712
343,busto arsizio,45.6122,8.8427,280.88,98,35,0.51,IT,1670265712
344,san pedro,14.35,121.0167,298.88,87,20,1.03,PH,1670265712
345,mbulu,-3.85,35.5333,291.3,59,100,5.42,TZ,1670265712
346,waingapu,-9.6567,120.2641,298.81,84,100,1.52,ID,1670265713
347,ende,-8.8432,121.6623,298.32,87,100,0.32,ID,1670265713
348,taoudenni,22.6783,-3.9836,302.28,14,42,0.78,ML,1670265713
349,san cristobal,7.7669,-72.225,294.25,61,54,1.61,VE,1670265714
350,totness,5.8833,-56.3167,298.98,85,99,1.34,SR,1670265714
351,byron bay,-28.65,153.6167,290.9,89,3,2.54,AU,1670265714
352,arrifes,37.7667,-25.7,288.84,82,75,7.72,PT,1670265715
353,voskresenskoye,56.8381,45.4317,257.22,96,89,2.0,RU,1670265715
354,kyabe,9.4515,18.9449,301.54,23,7,2.6,TD,1670265715
355,raudeberg,61.9875,5.1352,276.46,1,95,8.73,NO,1670265716
356,san rafael,-34.6177,-68.3301,310.48,16,20,4.12,AR,1670265716
357,bathurst,-33.4166,149.5806,281.46,96,0,0.8,AU,1670265716
358,wajima,37.4,136.9,281.31,81,100,9.48,JP,1670265716
359,chicama,-7.8447,-79.1469,293.45,55,8,5.61,PE,1670265451
360,xichang,27.8964,102.2634,278.86,77,0,0.5,CN,1670265717
361,tomatlan,19.9333,-105.25,304.89,49,13,2.34,MX,1670265717
362,luderitz,-26.6481,15.1594,290.09,65,2,11.19,NA,1670265717
363,severnyy,50.677,36.5532,264.17,73,0,4.0,RU,1670265718
364,rajpura,30.4831,76.595,286.44,43,39,2.84,IN,1670265718
365,orlik,52.5178,99.825,245.52,86,64,1.27,RU,1670265718
366,shalyhyne,51.5717,34.1217,266.31,57,65,4.32,UA,1670265718
367,lompoc,34.6391,-120.4579,288.71,80,20,1.54,US,1670265670
368,panguipulli,-39.6333,-72.3333,296.44,34,36,3.99,CL,1670265719
369,shache,38.4167,77.2406,268.31,37,0,1.97,CN,1670265719
370,izhma,65.0083,53.9113,256.43,91,16,3.56,RU,1670265720
371,ofunato,39.0717,141.7167,275.16,62,92,2.81,JP,1670265570
372,bayreuth,49.9481,11.5783,276.14,97,100,4.02,DE,1670265720
373,panguna,-6.3164,155.4848,293.34,95,100,0.56,PG,1670265720
374,shitkino,56.3703,98.3543,259.6,84,100,6.26,RU,1670265720
375,okha,53.5739,142.9478,254.75,92,42,5.73,RU,1670265721
376,deputatskiy,69.3,139.9,241.78,96,100,1.86,RU,1670265721
377,mudgal,16.0167,76.4333,294.72,52,81,3.95,IN,1670265721
378,kaitangata,-46.2817,169.8464,281.08,95,100,2.87,NZ,1670265722
379,sampang,-7.1872,113.2394,299.64,79,100,0.54,ID,1670265722
380,bayir,37.2687,28.2167,282.44,81,3,1.76,TR,1670265722
381,cartagena,10.3997,-75.5144,302.94,70,40,3.09,CO,1670265427
382,leh,34.1667,77.5833,265.24,45,50,0.98,IN,1670265723
383,husavik,66.0449,-17.3389,272.83,81,83,4.77,IS,1670265723
384,talara,-4.5772,-81.2719,301.57,57,0,6.69,PE,1670265723
385,richards bay,-28.783,32.0377,294.41,84,100,6.95,ZA,1670265724
386,kropotkin,45.4375,40.5756,269.76,71,6,8.87,RU,1670265724
387,kautokeino,69.0125,23.0412,261.34,97,98,2.03,NO,1670265492
388,hamilton,39.1834,-84.5333,282.92,52,40,3.09,US,1670265724
389,rio grande,-32.035,-52.0986,303.21,74,0,5.37,BR,1670265725
390,arman,59.7,150.1667,245.84,88,11,3.77,RU,1670265725
391,bumba,2.1833,22.4667,294.22,97,100,1.84,CD,1670265725
392,bata,1.8639,9.7658,300.06,84,100,2.83,GQ,1670265725
393,asfi,32.2994,-9.2372,291.51,81,8,10.0,MA,1670265505
394,changli,39.7042,119.1506,268.24,29,0,2.88,CN,1670265726
395,troitsko-pechorsk,62.7084,56.1964,256.18,98,100,2.2,RU,1670265726
396,faya,18.3851,42.4509,287.21,80,2,1.81,SA,1670265726
397,waipawa,-41.4122,175.5153,287.56,67,0,6.5,NZ,1670265727
398,ishigaki,24.3448,124.1572,292.22,94,75,11.32,JP,1670265727
399,cayenne,4.9333,-52.3333,302.17,74,0,4.12,GF,1670265586
400,banda aceh,5.5577,95.3222,298.89,81,94,2.96,ID,1670265727
401,bo rai,12.5728,102.5371,296.01,92,34,2.96,TH,1670265728
402,mongu,-15.2484,23.1274,299.71,39,69,3.83,ZM,1670265728
403,gusau,12.1628,6.6614,298.24,12,98,4.3,NG,1670265728
404,lukovetskiy,64.2956,41.9211,265.14,94,100,3.58,RU,1670265729
405,sibolga,1.7427,98.7792,296.83,91,100,1.16,ID,1670265729
406,jutai,-5.1833,-68.9,305.13,53,77,1.5,BR,1670265729
407,tromso,69.6496,18.957,276.16,81,75,6.17,NO,1670265634
408,price,39.5994,-110.8107,277.74,60,0,1.54,US,1670265730
409,vestmannaeyjar,63.4427,-20.2734,277.7,81,0,1.54,IS,1670265730
410,okhotsk,59.3833,143.3,242.71,83,59,3.76,RU,1670265730
411,petropavlovsk-kamchatskiy,53.0452,158.6483,256.48,66,0,2.0,RU,1670265569
412,yaan,7.3833,8.5667,302.11,20,80,1.52,NG,1670265731
413,pangody,65.85,74.4859,258.79,96,73,4.15,RU,1670265731
414,beira,-19.8436,34.8389,301.2,83,20,5.66,MZ,1670265731
415,san carlos de bariloche,-41.1456,-71.3082,293.01,32,20,12.86,AR,1670265538
416,monywa,22.1167,95.1333,294.43,64,0,1.98,MM,1670265732
417,himatnagar,23.6,72.95,291.89,47,0,3.01,IN,1670265732
418,roald,62.5833,6.1333,279.12,81,75,2.06,NO,1670265732
419,kilindoni,-7.9139,39.6668,300.12,79,97,6.26,TZ,1670265733
420,misratah,32.3754,15.0925,293.01,65,0,4.0,LY,1670265733
421,paita,-5.0892,-81.1144,296.67,65,4,6.97,PE,1670265733
422,hobbs,32.7026,-103.136,296.48,42,0,12.35,US,1670265734
423,yendi,9.4427,-0.0099,305.24,20,10,2.2,GH,1670265734
424,sabya,17.1495,42.6254,300.94,66,0,1.75,SA,1670265734
425,bundibugyo,0.7414,30.0417,292.75,87,100,1.35,UG,1670265734
426,high level,58.5169,-117.136,249.21,64,20,6.17,CA,1670265622
427,norrtalje,59.758,18.705,273.72,82,46,1.83,SE,1670265735
428,abha,18.2164,42.5053,287.05,54,0,2.57,SA,1670265736
429,lasa,46.6166,10.7002,277.61,93,82,2.69,IT,1670265736
430,entre rios,-11.9419,-38.0844,299.16,69,86,4.23,BR,1670265737
431,longhua,23.6137,114.1919,283.26,75,100,2.07,CN,1670265737
432,talaya,61.3833,152.75,231.68,99,58,0.35,RU,1670265738
433,mustasaari,63.1142,21.6822,273.65,80,100,5.66,FI,1670265655
434,flin flon,54.7682,-101.865,244.06,63,40,3.09,CA,1670265739
435,phuket,8.0,98.25,301.55,85,75,1.03,TH,1670265352
436,aksu,41.1231,80.2644,269.08,33,96,1.04,CN,1670265740
437,vestmanna,62.1564,-7.1664,276.66,65,75,6.17,FO,1670265740
438,luoyang,34.6836,112.4536,276.44,52,20,0.25,CN,1670265507
439,hami,42.8,93.45,268.28,33,100,0.24,CN,1670265741
440,alofi,-19.0595,-169.9187,298.09,94,80,0.51,NU,1670265741
441,samarai,-10.6167,150.6667,300.0,76,69,2.81,PG,1670265741
442,santa maria,-29.6842,-53.8069,302.76,58,75,4.63,BR,1670265741
443,shimizu,43.0061,142.8847,266.21,78,0,2.24,JP,1670265742
444,vallenar,-28.5708,-70.7581,302.57,32,0,5.02,CL,1670265742
445,domoni,-12.2569,44.5319,299.14,86,2,3.19,KM,1670265742
446,hit,33.6416,42.8251,287.93,51,0,0.67,IQ,1670265743
447,kuytun,54.3419,101.5036,262.71,65,100,7.57,RU,1670265743
448,george,-33.963,22.4617,289.9,77,75,1.54,ZA,1670265743
449,ostrovnoy,68.0531,39.5131,265.73,91,66,9.27,RU,1670265744
450,ukiah,39.1502,-123.2078,284.5,88,100,2.06,US,1670265711
451,sisimiut,66.9395,-53.6735,273.36,65,100,6.36,GL,1670265744
452,sainte-anne-des-monts,49.124,-66.4924,272.08,59,95,6.17,CA,1670265686
453,yamada,39.4667,141.95,275.09,61,70,1.98,JP,1670265744
454,sola,-13.8833,167.55,294.52,100,70,0.0,VU,1670265745
455,havoysund,70.9963,24.6622,277.28,77,100,9.7,NO,1670265745
456,otradnoye,59.7775,30.8181,269.18,95,100,2.74,RU,1670265745
457,yar-sale,66.8333,70.8333,257.22,95,17,3.26,RU,1670265745
458,nouadhibou,20.931,-17.0347,295.14,73,6,5.66,MR,1670265746
459,moses lake,47.1301,-119.2781,268.35,80,100,3.09,US,1670265746
460,inirida,3.8653,-67.9239,300.99,79,93,1.6,CO,1670265746
461,asilah,35.465,-6.0348,289.13,81,100,13.13,MA,1670265747
462,maltahohe,-24.8333,16.9833,294.34,9,0,6.07,NA,1670265747
463,loandjili,-4.7561,11.8578,298.45,90,100,2.93,CG,1670265747
464,walvis bay,-22.9575,14.5053,291.68,59,0,7.2,NA,1670265748
465,kazachinskoye,57.6953,93.2761,257.48,91,100,4.04,RU,1670265748
466,davidson,36.1501,-86.7833,282.81,89,100,2.57,US,1670265730
467,savalou,7.9281,1.9756,304.61,33,84,1.45,BJ,1670265748
468,vizinga,61.0749,50.1031,259.05,87,18,2.47,RU,1670265749
469,kerman,30.2832,57.0788,279.07,70,40,0.0,IR,1670265707
470,fortuna,40.5982,-124.1573,282.66,91,100,5.14,US,1670265749
471,mikkeli,61.6886,27.2723,266.21,93,75,0.51,FI,1670265749
472,nichinan,31.6,131.3667,282.07,84,32,2.38,JP,1670265750
473,prince george,53.9166,-122.753,261.07,82,100,3.6,CA,1670265750
474,sulina,45.1559,29.6536,278.76,75,100,5.95,RO,1670265750
475,giyon,8.5333,37.9833,287.58,48,36,4.15,ET,1670265751
476,griffith,41.5284,-87.4237,279.9,60,100,4.12,US,1670265751
477,mikuni,36.2171,136.1519,281.1,79,98,5.35,JP,1670265751
478,mollendo,-17.0231,-72.0147,295.05,70,38,3.68,PE,1670265751
479,parchim,53.4263,11.8488,275.21,99,100,0.19,DE,1670265504
480,evensk,61.95,159.2333,257.96,90,100,2.59,RU,1670265752
481,beloha,-25.1667,45.05,298.35,78,1,4.04,MG,1670265752
482,klaksvik,62.2266,-6.589,277.66,68,90,11.73,FO,1670265752
483,ust-ishim,57.6935,71.1665,250.23,100,99,0.64,RU,1670265753
484,galle,6.0367,80.217,297.96,85,100,1.1,LK,1670265754
485,rincon,32.296,-81.2354,291.13,91,100,2.09,US,1670265754
486,bilibino,68.0546,166.4372,250.75,68,100,2.36,RU,1670265755
487,gobabis,-22.45,18.9667,299.92,22,76,3.04,NA,1670265755
488,saint-georges,12.0564,-61.7485,301.97,65,20,5.66,GD,1670265755
489,oksfjord,70.2396,22.3479,276.25,99,100,2.68,NO,1670265756
490,bosaso,11.2842,49.1816,297.54,69,10,2.72,SO,1670265756
491,port shepstone,-30.7414,30.455,292.77,70,34,9.11,ZA,1670265756
492,charlestown,-32.95,151.6667,292.97,92,71,2.68,AU,1670265612
493,banamba,13.55,-7.45,303.95,21,100,3.16,ML,1670265757
494,los llanos de aridane,28.6585,-17.9182,292.01,89,40,2.06,ES,1670265757
495,nabire,-3.3667,135.4833,297.27,85,99,2.22,ID,1670265757
496,sakaiminato,35.55,133.2333,281.14,66,40,5.14,JP,1670265516
497,afrikanda,67.4429,32.7828,265.87,95,100,3.11,RU,1670265758
498,lipin bor,60.2622,37.9763,265.18,95,99,3.47,RU,1670265758
499,marshall,34.3834,-86.3333,283.4,92,100,1.54,US,1670265627
500,luganville,-15.5333,167.1667,298.67,82,92,1.94,VU,1670265758
501,minas novas,-17.2186,-42.5903,297.73,74,100,2.38,BR,1670265758
502,laguna,38.421,-121.4238,287.14,85,20,5.14,US,1670265543
503,coari,-4.085,-63.1414,301.18,75,100,1.52,BR,1670265759
504,kitami,43.8031,143.8908,266.66,74,2,2.15,JP,1670265759
505,pringsewu,-5.3582,104.9744,296.88,92,100,1.96,ID,1670265760
506,dymer,50.7865,30.3026,265.84,75,20,5.65,UA,1670265760
507,dzilam gonzalez,21.2833,-88.9333,304.17,43,57,2.39,MX,1670265760
508,madimba,-10.4,40.3333,299.0,85,67,4.05,TZ,1670265760
509,namatanai,-3.6667,152.4333,299.25,82,100,0.78,PG,1670265761
510,wuxi,31.5689,120.2886,277.03,67,3,2.01,CN,1670265651
511,urumqi,43.801,87.6005,258.68,85,0,1.0,CN,1670265721
512,tshela,-4.9833,12.9333,296.99,92,100,0.71,CD,1670265761
513,praia da vitoria,38.7333,-27.0667,289.13,94,20,5.07,PT,1670265761
514,batemans bay,-35.7167,150.1833,286.84,91,19,2.54,AU,1670265762
515,kaohsiung,22.6163,120.3133,292.61,80,75,3.09,TW,1670265593
516,wamba,8.9333,8.6,298.95,13,12,2.48,NG,1670265762
517,domodossola,46.1165,8.2931,279.47,84,11,3.55,IT,1670265762
518,oudtshoorn,-33.5907,22.2014,289.35,71,51,2.95,ZA,1670265763
519,marsh harbour,26.5412,-77.0636,296.99,72,51,5.08,BS,1670265763
520,ketchikan,55.3422,-131.6461,271.41,93,20,0.0,US,1670265763
521,ipinda,-9.4833,33.9,298.66,57,33,0.64,TZ,1670265763
522,necochea,-38.5473,-58.7368,307.32,28,2,4.55,AR,1670265764
523,eureka,40.8021,-124.1637,282.81,94,15,1.79,US,1670265694
524,shetpe,44.1667,52.1167,266.59,44,0,0.91,KZ,1670265764
525,san patricio,28.017,-97.5169,300.07,58,96,6.94,US,1670265764
526,darnetal,49.4453,1.1514,277.24,84,75,1.03,FR,1670265765
527,pospelikha,51.95,81.7667,255.9,98,100,1.37,RU,1670265765
528,diego de almagro,-26.3667,-70.05,301.54,20,0,7.21,CL,1670265765
529,bitung,1.4451,125.1824,297.62,82,100,1.76,ID,1670265766
530,kattivakkam,13.2167,80.3167,301.2,74,76,4.44,IN,1670265766
531,butembo,0.15,29.2833,287.42,98,100,1.11,CD,1670265766
532,san felipe,10.3399,-68.7425,301.24,51,96,2.84,VE,1670265766
533,rabak,13.1809,32.74,301.86,29,25,5.14,SD,1670265767
534,catamarca,-28.4696,-65.7852,309.14,19,5,6.71,AR,1670265636
535,bethlehem,-1.4558,-48.5044,299.17,89,75,3.09,BR,1670265603
536,pella,59.7775,30.8181,269.18,95,100,2.74,RU,1670265767
537,san quintin,30.4833,-115.95,291.99,71,0,7.96,MX,1670265767
538,nyuksenitsa,60.4128,44.2397,263.47,75,93,3.23,RU,1670265768
539,beringovskiy,63.05,179.3167,272.89,98,100,18.7,RU,1670265768
540,bonavista,48.6499,-53.1147,277.34,93,100,2.48,CA,1670265768
541,rafraf,37.1904,10.1837,286.33,63,77,4.31,TN,1670265769
542,inongo,-1.95,18.2667,295.55,87,91,1.08,CD,1670265769
543,mragowo,53.8644,21.3051,272.15,93,100,4.09,PL,1670265769
544,kapit,2.0167,112.9333,296.1,99,100,0.32,MY,1670265770
545,maningrida,-12.0667,134.2667,300.31,68,100,1.36,AU,1670265770
546,aksarka,66.5606,67.7975,257.69,94,19,3.19,RU,1670265770
547,sala,34.0389,-6.8166,290.53,94,75,10.29,MA,1670265770
548,khani,41.9563,42.9566,275.91,81,100,2.27,GE,1670265771
549,passagem franca,-6.1797,-43.7836,306.59,34,82,2.44,BR,1670265771
550,mackenzie,55.2999,-123.1698,261.27,85,100,1.54,CA,1670265771
551,sassandra,4.95,-6.0833,298.88,84,94,1.74,CI,1670265772
552,kirakira,-10.4544,161.9205,299.21,85,100,1.98,SB,1670265772
553,verkhnyaya inta,65.9811,60.3094,256.5,98,99,2.61,RU,1670265772
554,corinto,37.9407,22.9573,287.53,79,70,1.18,GR,1670265772
555,kyzyl,51.7,94.45,242.24,98,100,0.29,RU,1670265773
556,kpandu,6.9954,0.2931,301.52,62,88,1.33,GH,1670265773
557,qandala,11.472,49.8728,297.59,70,24,2.7,SO,1670265773
558,matara,5.9485,80.5353,297.36,88,100,0.72,LK,1670265774
559,dingle,10.9995,122.6711,296.76,94,74,3.19,PH,1670265774
560,acarau,-2.8856,-40.12,302.01,65,7,9.5,BR,1670265774
561,da lat,11.9465,108.4419,288.7,99,99,1.38,VN,1670265774
562,beni,0.5,29.4667,290.43,99,100,1.31,CD,1670265775
563,makakilo city,21.3469,-158.0858,297.93,78,0,0.0,US,1670265775
564,coffs harbour,-30.3,153.1333,294.13,78,1,3.6,AU,1670265775
565,plettenberg bay,-34.0527,23.3716,288.33,80,1,2.1,ZA,1670265776
566,slave lake,55.2834,-114.769,257.14,78,100,5.66,CA,1670265648
567,bratsk,56.1325,101.6142,260.42,83,100,8.58,RU,1670265545
568,abashiri,44.0213,144.2697,268.91,61,1,4.65,JP,1670265570
569,mantua,45.1667,10.7833,283.14,92,100,2.24,IT,1670265776
